book_id,isbn,action,existing_primary_source,new_node_count,existing_node_count,node_delta
10031,9784817841971,overwrite_simple,openbd,184,9,175
110295,9784897617701,overwrite_simple,books_or_jp,272,8,264
110378,9784897618104,overwrite_simple,books_or_jp,284,9,275
110461,9784897618623,overwrite_simple,books_or_jp,283,9,274
110544,9784897613529,create,,55,0,55
11110,9784817842367,overwrite_simple,openbd,29,24,5
111540,9784897615400,overwrite_simple,books_or_jp,282,80,202
111789,9784897616872,overwrite_simple,books_or_jp,47,18,29
112038,9784897617749,overwrite_simple,books_or_jp,19,17,2
112287,9784897618395,overwrite_simple,books_or_jp,176,135,41
12189,9784877986278,overwrite_simple,books_or_jp,188,83,105
138266,9784130361484,overwrite_simple,openbd,90,16,74
138349,9784130323284,overwrite_simple,openbd,352,20,332
138681,9784130311861,overwrite_simple,openbd,147,23,124
138764,9784130361507,overwrite_simple,openbd,168,25,143
138847,9784130633307,overwrite_simple,openbd,54,17,37
138930,9784130311908,overwrite_simple,openbd,101,24,77
139013,9784130323833,overwrite_simple,openbd,339,14,325
144408,9784817846198,overwrite_simple,books_or_jp,223,90,133
145653,9784641046856,overwrite_simple,books_or_jp,686,77,609
145736,9784641137356,overwrite_simple,openbd,138,25,113
145819,9784641137622,overwrite_simple,openbd,193,9,184
146068,9784641138339,overwrite_simple,books_or_jp,494,89,405
146151,9784641233102,overwrite_simple,openbd,229,6,223
158352,9784326404025,overwrite_simple,books_or_jp,1323,90,1233
158435,9784326403998,overwrite_simple,books_or_jp,987,89,898
160925,9784817846044,overwrite_simple,books_or_jp,973,134,839
163581,9784641125704,overwrite_simple,openbd,297,14,283
163830,9784641243057,overwrite_simple,openbd,312,7,305
164909,9784502419614,overwrite_simple,books_or_jp,228,106,122
165822,9784897618975,overwrite_simple,books_or_jp,279,10,269
17916,9784641018389,overwrite_simple,openbd,50,3,47
179683,9784502427916,overwrite_simple,books_or_jp,129,95,34
180181,9784535521742,overwrite_simple,books_or_jp,92,13,79
180264,9784535523463,overwrite_simple,books_or_jp,90,87,3
180928,9784535521254,overwrite_simple,books_or_jp,322,80,242
181011,9784535523432,overwrite_simple,books_or_jp,272,153,119
181177,9784535524002,overwrite_simple,books_or_jp,253,108,145
181260,9784535524279,overwrite_simple,books_or_jp,137,111,26
181343,9784535523807,overwrite_simple,books_or_jp,145,114,31
181509,9784535524378,overwrite_simple,books_or_jp,204,107,97
181758,9784535525801,overwrite_simple,books_or_jp,180,100,80
182007,9784535524347,overwrite_simple,books_or_jp,177,110,67
182422,9784535524811,overwrite_simple,openbd,38,33,5
182671,9784535524699,overwrite_simple,books_or_jp,154,99,55
183252,9784535525207,overwrite_simple,books_or_jp,335,102,233
183999,9784535523616,overwrite_simple,openbd,30,24,6
184165,9784535525832,overwrite_simple,openbd,184,1,183
184248,9784535522220,overwrite_simple,books_or_jp,124,80,44
184331,9784535521964,overwrite_simple,books_or_jp,474,99,375
184580,9784535526198,overwrite_simple,books_or_jp,383,85,298
189228,9784535002487,overwrite_simple,books_or_jp,25,19,6
190141,9784908621109,create,,301,0,301
190556,9784539727881,overwrite_simple,books_or_jp,163,82,81
190639,9784539727942,overwrite_simple,books_or_jp,102,80,22
190722,9784539727980,overwrite_simple,books_or_jp,355,160,195
190971,9784539728222,overwrite_simple,books_or_jp,418,181,237
192631,9784817846587,overwrite_simple,kajo_co_jp,270,216,54
192963,9784817846143,overwrite_simple,books_or_jp,478,10,468
193046,9784817846150,overwrite_simple,kajo_co_jp,206,60,146
193793,9784788288041,create,,89,0,89
193876,9784788288058,create,,107,0,107
194208,9784788289581,create,,86,0,86
196947,9784492533895,overwrite_simple,books_or_jp,102,92,10
197030,9784492270592,overwrite_simple,books_or_jp,329,8,321
197113,9784492733509,overwrite_simple,books_or_jp,147,121,26
197362,9784492533673,overwrite_simple,openbd,143,6,137
197445,9784492534007,overwrite_simple,books_or_jp,168,85,83
197860,9784492533963,overwrite_simple,books_or_jp,222,99,123
198358,9784539729199,overwrite_simple,books_or_jp,388,9,379
199520,9784535519725,overwrite_simple,books_or_jp,327,94,233
203172,9784641046870,overwrite_simple,openbd,431,10,421
205994,9784897616070,overwrite_simple,books_or_jp,182,115,67
207488,9784797281064,overwrite_simple,openbd,234,102,132
207571,9784797281071,overwrite_simple,openbd,264,131,133
207986,9784641138247,overwrite_simple,openbd,344,14,330
208152,9784641243026,overwrite_simple,openbd,447,4,443
208401,9784788289857,create,,96,0,96
208733,9784788289796,create,,189,0,189
208816,9784788289208,create,,90,0,90
209148,9784788289345,create,,1136,0,1136
210310,9784502217012,overwrite_simple,biz_book_jp,191,95,96
210476,9784502357817,overwrite_simple,books_or_jp,297,90,207
210808,9784502449512,overwrite_simple,books_or_jp,157,104,53
221432,9784817847287,overwrite_simple,books_or_jp,422,122,300
221598,9784817847324,overwrite_simple,books_or_jp,386,90,296
221681,9784817846204,overwrite_simple,books_or_jp,96,93,3
226910,9784502461415,overwrite_simple,biz_book_jp,179,97,82
227242,9784326403950,overwrite_simple,books_or_jp,373,236,137
227325,9784326403967,overwrite_simple,books_or_jp,125,105,20
227408,9784326404056,overwrite_simple,openbd,167,8,159
227491,9784326404032,overwrite_simple,books_or_jp,110,107,3
227574,9784326451272,overwrite_simple,books_or_jp,213,144,69
227657,9784326404094,overwrite_simple,books_or_jp,774,140,634
227740,9784326403790,overwrite_simple,books_or_jp,398,185,213
228072,9784326404209,overwrite_simple,books_or_jp,267,87,180
228238,9784326449682,overwrite_simple,openbd,10,8,2
228321,9784326449699,overwrite_simple,openbd,11,9,2
229566,9784502470219,overwrite_simple,books_or_jp,170,128,42
231309,9784384048506,overwrite_simple,books_or_jp,100,80,20
232803,9784384048698,overwrite_simple,books_or_jp,130,79,51
232886,9784384049770,overwrite_simple,books_or_jp,115,87,28
233052,9784384048728,overwrite_simple,books_or_jp,185,79,106
233218,9784384048742,overwrite_simple,books_or_jp,104,78,26
233633,9784384048797,overwrite_simple,books_or_jp,141,79,62
233716,9784384048803,overwrite_simple,books_or_jp,87,6,81
233799,9784384048810,overwrite_simple,books_or_jp,103,76,27
233882,9784384048827,overwrite_simple,books_or_jp,119,78,41
234463,9784384048896,overwrite_simple,books_or_jp,116,78,38
234629,9784384048919,overwrite_simple,books_or_jp,98,78,20
234712,9784384048926,overwrite_simple,books_or_jp,122,79,43
234795,9784384048933,overwrite_simple,books_or_jp,122,78,44
234878,9784384048940,overwrite_simple,books_or_jp,139,78,61
234961,9784384048957,overwrite_simple,books_or_jp,110,76,34
235044,9784384048964,overwrite_simple,books_or_jp,111,8,103
235127,9784384048971,create,,96,0,96
235210,9784384048988,create,,182,0,182
235376,9784384049008,overwrite_simple,books_or_jp,164,79,85
235459,9784384049015,overwrite_simple,books_or_jp,107,8,99
235625,9784384049039,create,,112,0,112
235708,9784384049046,overwrite_simple,books_or_jp,145,77,68
235874,9784384049060,create,,93,0,93
235957,9784384049077,overwrite_simple,books_or_jp,95,77,18
236040,9784384049084,overwrite_simple,books_or_jp,157,79,78
236123,9784384049091,overwrite_simple,books_or_jp,175,80,95
236206,9784384049107,overwrite_simple,books_or_jp,102,76,26
236289,9784384049114,overwrite_simple,books_or_jp,97,5,92
236372,9784384049121,overwrite_simple,books_or_jp,91,78,13
236787,9784384049176,overwrite_simple,books_or_jp,120,80,40
236870,9784384049183,overwrite_simple,books_or_jp,154,76,78
237036,9784384049206,overwrite_simple,books_or_jp,166,79,87
237119,9784384049213,overwrite_simple,openbd,86,7,79
237202,9784384049220,overwrite_simple,books_or_jp,99,75,24
238364,9784535527355,create,,34,0,34
238696,9784535587779,overwrite_simple,openbd,185,1,184
239277,9784535526723,overwrite_simple,books_or_jp,91,89,2
239443,9784535525382,overwrite_simple,openbd,194,10,184
239609,9784535526242,overwrite_simple,books_or_jp,291,103,188
239692,9784535526921,overwrite_simple,books_or_jp,263,118,145
239775,9784535526631,overwrite_simple,openbd,118,1,117
239858,9784535527096,overwrite_simple,openbd,158,37,121
239941,9784535526747,overwrite_simple,books_or_jp,170,170,0
240107,9784535526273,overwrite_simple,books_or_jp,147,84,63
240273,9784535526167,overwrite_simple,openbd,88,15,73
240356,9784535525658,overwrite_simple,openbd,93,16,77
240439,9784535526181,overwrite_simple,openbd,148,1,147
241020,9784535525573,overwrite_simple,openbd,75,54,21
241186,9784535525337,overwrite_simple,openbd,89,12,77
241269,9784535522183,overwrite_simple,openbd,85,9,76
241352,9784535526914,overwrite_simple,openbd,84,1,83
241518,9784535523869,overwrite_simple,books_or_jp,179,119,60
241933,9784535526570,overwrite_simple,openbd,210,1,209
242016,9784535525788,overwrite_simple,books_or_jp,132,84,48
242099,9784535520073,overwrite_simple,openbd,167,1,166
242182,9784535525764,overwrite_simple,openbd,213,1,212
242763,9784535525399,overwrite_simple,openbd,48,10,38
242846,9784535525528,overwrite_simple,openbd,174,1,173
242929,9784535526402,overwrite_simple,openbd,46,8,38
243095,9784535525191,overwrite_simple,openbd,43,1,42
243261,9784535522909,overwrite_simple,books_or_jp,107,79,28
243510,9784535520769,overwrite_simple,books_or_jp,1137,86,1051
243759,9784535527218,overwrite_simple,openbd,248,1,247
243925,9784535527409,overwrite_simple,books_or_jp,271,13,258
244091,9784535526174,overwrite_simple,openbd,122,21,101
244174,9784535524460,overwrite_simple,openbd,82,1,81
244257,9784535522732,overwrite_simple,books_or_jp,276,79,197
244423,9784535527102,overwrite_simple,openbd,54,10,44
244506,9784535540118,overwrite_simple,openbd,284,1,283
244589,9784535526761,overwrite_simple,openbd,188,1,187
244755,9784535524521,overwrite_simple,openbd,196,30,166
245834,9784788290747,create,,70,0,70
247494,9784641137370,overwrite_simple,books_or_jp,80,76,4
247577,9784641125926,overwrite_simple,openbd,36,14,22
247660,9784641138568,overwrite_simple,books_or_jp,352,80,272
247743,9784641137530,overwrite_simple,openbd,451,10,441
248324,9784539726624,create,,488,0,488
248822,9784539726228,overwrite_simple,books_or_jp,98,80,18
248988,9784539727799,overwrite_simple,books_or_jp,123,77,46
249071,9784539727805,overwrite_simple,books_or_jp,124,77,47
257786,9784865563801,overwrite_simple,minjiho_com,545,5,540
257869,9784865564501,overwrite_simple,minjiho_com,504,31,473
258367,9784897619088,overwrite_simple,books_or_jp,223,102,121
258450,9784897619323,overwrite_simple,books_or_jp,252,9,243
258948,9784797227253,overwrite_simple,openbd,386,386,0
259197,9784797234275,overwrite_simple,openbd,94,55,39
259695,9784788289772,create,,100,0,100
259778,9784788289673,create,,280,0,280
260027,9784788290914,create,,132,0,132
260193,9784788291140,create,,84,0,84
262019,9784803728026,create,,61,0,61
262102,9784803742787,create,,145,0,145
262185,9784803724851,create,,162,0,162
262268,9784803743395,create,,144,0,144
262351,9784803707267,create,,207,0,207
262434,9784803708233,create,,362,0,362
262849,9784803742718,create,,571,0,571
262932,9784803728019,create,,67,0,67
263015,9784803724950,create,,19,0,19
263264,9784803742800,create,,521,0,521
263347,9784803743159,create,,127,0,127
263430,9784803743333,create,,115,0,115
263513,9784803743456,create,,27,0,27
263596,9784803742602,create,,10,0,10
263679,9784803742725,overwrite_simple,books_or_jp,349,115,234
263762,9784803742565,create,,68,0,68
263845,9784803729016,create,,114,0,114
264592,9784326404261,overwrite_simple,books_or_jp,201,132,69
264758,9784326403653,overwrite_simple,books_or_jp,268,151,117
265090,9784384049251,overwrite_simple,openbd,144,6,138
265173,9784384049268,overwrite_simple,openbd,90,7,83
265256,9784384049275,overwrite_simple,openbd,99,7,92
265339,9784384049282,overwrite_simple,openbd,152,9,143
265422,9784384049299,overwrite_simple,books_or_jp,91,85,6
265754,9784384049343,overwrite_simple,books_or_jp,103,83,20
269240,9784877988449,overwrite_simple,books_or_jp,793,462,331
269489,9784788290822,create,,331,0,331
269987,9784788290471,create,,65,0,65
270236,9784788290907,create,,74,0,74
270319,9784788291263,create,,83,0,83
270568,9784788291942,create,,146,0,146
270983,9784803744026,create,,244,0,244
271066,9784803724660,create,,99,0,99
271149,9784803743203,create,,133,0,133
271232,9784803742893,create,,127,0,127
271315,9784803701425,create,,26,0,26
271398,9784803744279,create,,292,0,292
271481,9784803724912,overwrite_simple,books_or_jp,180,9,171
271647,9784766429206,overwrite_simple,openbd,283,12,271
272228,9784766424744,overwrite_simple,openbd,242,161,81
272311,9784766424850,overwrite_simple,openbd,264,117,147
272643,9784766494501,create,,260,0,260
272892,9784766426106,overwrite_simple,openbd,138,35,103
272975,9784766426281,overwrite_simple,openbd,209,53,156
273058,9784766426298,overwrite_simple,openbd,83,61,22
273390,9784766427042,overwrite_simple,openbd,152,35,117
273639,9784766427721,overwrite_simple,openbd,200,28,172
273722,9784766427820,overwrite_simple,books_or_jp,499,154,345
273805,9784766427981,overwrite_simple,openbd,164,6,158
273888,9784766428018,overwrite_simple,books_or_jp,168,113,55
273971,9784766425475,overwrite_simple,openbd,127,119,8
274054,9784766428391,overwrite_simple,books_or_jp,357,254,103
274386,9784766429183,overwrite_simple,books_or_jp,152,103,49
274469,9784766419986,overwrite_simple,openbd,362,248,114
274635,9784766429398,overwrite_simple,books_or_jp,153,135,18
274718,9784766427417,overwrite_simple,openbd,355,140,215
276295,9784000616072,overwrite_simple,books_or_jp,273,20,253
277457,9784384049367,overwrite_simple,books_or_jp,103,83,20
277955,9784384049374,overwrite_simple,books_or_jp,92,12,80
279449,9784817848444,overwrite_simple,books_or_jp,108,75,33
281026,9784817846167,overwrite_simple,books_or_jp,171,108,63
281607,9784817847508,overwrite_simple,kajo_co_jp,361,13,348
282022,9784905278429,create,,47,0,47
282105,9784916123626,create,,145,0,145
282354,9784766429510,overwrite_simple,openbd,77,12,65
282437,9784766429558,overwrite_simple,openbd,338,16,322
283433,9784502447716,overwrite_simple,biz_book_jp,476,35,441
283599,9784502462917,overwrite_simple,biz_book_jp,176,56,120
284014,9784384049404,overwrite_simple,books_or_jp,133,83,50
287583,9784788291065,create,,104,0,104
287832,9784788291287,create,,308,0,308
287998,9784788292055,create,,107,0,107
290239,9784384049411,create,,83,0,83
290322,9784384049428,create,,79,0,79
291069,9784535001534,overwrite_simple,books_or_jp,427,88,339
291484,9784803742947,overwrite_simple,books_or_jp,668,24,644
291567,9784803712681,create,,37,0,37
292231,9784908621116,create,,265,0,265
292563,9784384049435,overwrite_simple,books_or_jp,98,91,7
292646,9784384049442,overwrite_simple,books_or_jp,123,83,40
293559,9784384049459,overwrite_simple,books_or_jp,92,89,3
293642,9784384049466,overwrite_simple,books_or_jp,161,16,145
294721,9784788292499,create,,112,0,112
295219,9784788291386,create,,79,0,79
296298,9784803722260,create,,58,0,58
296381,9784803708264,create,,175,0,175
296464,9784803743166,create,,159,0,159
296547,9784803700138,create,,84,0,84
296630,9784803743388,create,,418,0,418
296713,9784803707250,create,,1079,0,1079
296796,9784803707229,create,,267,0,267
296879,9784384049473,overwrite_simple,books_or_jp,104,77,27
297128,9784539725061,overwrite_simple,books_or_jp,124,79,45
297958,9784535528062,overwrite_simple,books_or_jp,384,90,294
298041,9784535527133,overwrite_simple,openbd,28,28,0
298539,9784535521759,overwrite_simple,books_or_jp,124,96,28
298705,9784535527430,overwrite_simple,books_or_jp,423,97,326
298788,9784535526266,overwrite_simple,books_or_jp,130,107,23
298871,9784535527423,overwrite_simple,openbd,150,10,140
299286,9784535527317,overwrite_simple,books_or_jp,168,126,42
299369,9784535527539,overwrite_simple,openbd,138,22,116
299452,9784535527331,overwrite_simple,openbd,128,1,127
299535,9784535527195,overwrite_simple,openbd,189,20,169
299950,9784535526464,overwrite_simple,books_or_jp,165,112,53
300033,9784535526624,overwrite_simple,openbd,177,15,162
300116,9784535540668,overwrite_simple,openbd,160,10,150
300199,9784535526280,overwrite_simple,books_or_jp,366,111,255
300365,9784535527881,overwrite_simple,books_or_jp,187,94,93
300448,9784535527638,overwrite_simple,books_or_jp,433,87,346
300697,9784535527652,overwrite_simple,openbd,171,22,149
300946,9784535527416,overwrite_simple,books_or_jp,263,105,158
301195,9784535527546,overwrite_simple,openbd,156,46,110
301278,9784535527942,create,,31,0,31
301361,9784535527492,overwrite_simple,openbd,48,11,37
312566,9784384049503,create,,106,0,106
314309,9784502315510,create,,129,0,129
315637,9784906929474,create,,84,0,84
315803,9784906929931,create,,886,0,886
316052,9784384049527,create,,102,0,102
316384,9784788293717,create,,271,0,271
317712,9784877988548,overwrite_simple,books_or_jp,52,6,46
317961,9784877988401,overwrite_simple,books_or_jp,169,15,154
318459,9784539730027,overwrite_simple,openbd,87,9,78
318625,9784539729670,overwrite_simple,books_or_jp,133,82,51
318957,9784539719626,create,,1053,0,1053
319040,9784539728802,overwrite_simple,books_or_jp,220,188,32
319206,9784539728550,overwrite_simple,books_or_jp,286,268,18
319289,9784539728499,overwrite_simple,books_or_jp,277,196,81
319372,9784539728130,overwrite_simple,books_or_jp,768,237,531
319704,9784539727126,overwrite_simple,books_or_jp,266,238,28
319787,9784539726266,overwrite_simple,books_or_jp,139,85,54
319953,9784539724118,overwrite_simple,books_or_jp,138,79,59
320783,9784539728468,overwrite_simple,books_or_jp,283,208,75
321032,9784539725269,overwrite_simple,books_or_jp,133,75,58
321198,9784539729830,overwrite_simple,openbd,122,75,47
321696,9784539729786,overwrite_simple,books_or_jp,498,80,418
321862,9784539728451,overwrite_simple,books_or_jp,338,262,76
322360,9784539728260,overwrite_simple,books_or_jp,170,123,47
322692,9784788292680,create,,357,0,357
323024,9784788289413,create,,69,0,69
323107,9784788290921,create,,182,0,182
323273,9784788291102,create,,191,0,191
323356,9784788291270,create,,57,0,57
323605,9784788292154,create,,126,0,126
324186,9784641138513,overwrite_simple,openbd,434,8,426
324269,9784641046795,overwrite_simple,openbd,546,7,539
324684,9784641138452,overwrite_simple,openbd,436,5,431
324767,9784641233478,overwrite_simple,openbd,479,15,464
324850,9784641138537,overwrite_simple,books_or_jp,474,5,469
324933,9784641138582,overwrite_simple,books_or_jp,187,10,177
325182,9784641138728,overwrite_simple,openbd,271,14,257
325597,9784641138933,overwrite_simple,openbd,577,18,559
325763,9784641139589,overwrite_simple,openbd,361,11,350
327257,9784384049534,overwrite_simple,books_or_jp,100,16,84
327340,9784384049541,overwrite_simple,books_or_jp,120,85,35
327423,9784803707298,create,,45,0,45
327506,9784803721218,create,,823,0,823
327672,9784803710069,overwrite_simple,books_or_jp,71,3,68
327755,9784803744286,create,,819,0,819
327838,9784803712957,create,,398,0,398
328585,9784766429930,overwrite_simple,books_or_jp,128,114,14
330411,9784865565553,overwrite_simple,minjiho_com,504,20,484
330494,9784865566192,overwrite_simple,books_or_jp,651,100,551
331075,9784492093306,overwrite_simple,books_or_jp,147,85,62
331407,9784906929979,create,,992,0,992
331490,9784906929795,create,,517,0,517
331573,9784906929047,create,,449,0,449
331739,9784492602232,overwrite_simple,books_or_jp,108,89,19
331988,9784384039696,create,,125,0,125
337051,9784641233461,overwrite_simple,openbd,814,9,805
337217,9784641228221,overwrite_simple,openbd,313,12,301
337964,9784865566369,overwrite_simple,books_or_jp,293,86,207
338047,9784865566642,overwrite_simple,books_or_jp,318,94,224
338130,9784865566581,overwrite_simple,books_or_jp,592,112,480
340205,9784589039729,create,,147,0,147
340371,9784589039743,create,,91,0,91
340454,9784589039750,create,,93,0,93
340537,9784589039415,overwrite_simple,books_or_jp,235,90,145
340620,9784589040121,overwrite_simple,books_or_jp,187,144,43
340703,9784589039637,overwrite_simple,books_or_jp,125,86,39
340786,9784589039422,overwrite_simple,books_or_jp,182,129,53
340869,9784589041852,overwrite_simple,books_or_jp,247,157,90
342363,9784589037466,overwrite_simple,openbd,58,10,48
342695,9784589032379,create,,55,0,55
343774,9784589041371,overwrite_simple,openbd,35,1,34
343940,9784589041487,overwrite_simple,openbd,38,32,6
344272,9784589041722,overwrite_simple,openbd,80,12,68
344853,9784589042002,overwrite_simple,openbd,115,18,97
345019,9784589042200,overwrite_simple,books_or_jp,240,97,143
345102,9784589042217,overwrite_simple,openbd,52,35,17
345268,9784589042255,overwrite_simple,openbd,109,18,91
346015,9784589042873,overwrite_simple,openbd,26,22,4
346596,9784863263734,create,,104,0,104
346679,9784863263765,overwrite_simple,books_or_jp,359,16,343
346762,9784863263673,overwrite_simple,books_or_jp,196,5,191
346845,9784863263642,overwrite_simple,books_or_jp,60,9,51
346928,9784863263635,overwrite_simple,books_or_jp,86,11,75
347011,9784863263604,overwrite_simple,books_or_jp,35,5,30
347094,9784863263598,overwrite_simple,books_or_jp,387,16,371
347177,9784863263475,overwrite_simple,books_or_jp,502,88,414
347260,9784863263406,create,,232,0,232
347343,9784863263314,overwrite_simple,books_or_jp,101,11,90
347426,9784863263307,overwrite_simple,books_or_jp,266,86,180
347509,9784863263284,overwrite_simple,books_or_jp,57,10,47
347592,9784863263246,create,,38,0,38
347675,9784863263239,overwrite_simple,books_or_jp,454,19,435
347758,9784863263161,overwrite_simple,books_or_jp,63,25,38
347841,9784863263116,overwrite_simple,books_or_jp,414,16,398
348007,9784863262942,overwrite_simple,books_or_jp,402,17,385
348090,9784863263130,overwrite_simple,books_or_jp,38,5,33
348754,9784384049572,create,,108,0,108
348837,9784384049589,create,,94,0,94
349252,9784897619866,overwrite_simple,books_or_jp,252,10,242
349335,9784868210085,overwrite_simple,books_or_jp,315,140,175
349418,9784868210061,overwrite_simple,books_or_jp,233,78,155
349501,9784868210047,overwrite_simple,books_or_jp,88,80,8
349584,9784868210108,overwrite_simple,books_or_jp,125,80,45
350248,9784868210016,overwrite_simple,books_or_jp,363,100,263
350414,9784897619538,overwrite_simple,openbd,63,63,0
350497,9784897619552,overwrite_simple,openbd,77,25,52
351410,9784863262812,overwrite_simple,books_or_jp,178,5,173
351576,9784788291362,create,,125,0,125
351659,9784788292215,create,,147,0,147
351825,9784788292369,create,,87,0,87
351908,9784788292505,create,,94,0,94
352406,9784766430004,overwrite_simple,openbd,195,11,184
352821,9784539726310,overwrite_simple,books_or_jp,267,81,186
352904,9784539726327,overwrite_simple,books_or_jp,309,79,230
353153,9784539727645,overwrite_simple,books_or_jp,110,93,17
353236,9784539724972,overwrite_simple,books_or_jp,174,75,99
353319,9784539729649,overwrite_simple,books_or_jp,126,89,37
353734,9784539747124,overwrite_simple,books_or_jp,70,12,58
354149,9784539725603,overwrite_simple,books_or_jp,221,88,133
354232,9784539727089,overwrite_simple,books_or_jp,145,84,61
354647,9784539729816,overwrite_simple,books_or_jp,183,85,98
354730,9784539729960,overwrite_simple,books_or_jp,1275,85,1190
355892,9784817848703,overwrite_simple,books_or_jp,109,108,1
355975,9784817848741,overwrite_simple,books_or_jp,392,91,301
356639,9784384049602,overwrite_simple,books_or_jp,133,78,55
358050,9784417018292,overwrite_simple,books_or_jp,218,75,143
358299,9784417018216,overwrite_simple,books_or_jp,98,77,21
358382,9784417017912,overwrite_simple,books_or_jp,148,76,72
359046,9784417018247,overwrite_simple,books_or_jp,106,79,27
359378,9784417018766,overwrite_simple,books_or_jp,497,83,414
359544,9784417018452,overwrite_simple,books_or_jp,178,83,95
359876,9784417018155,overwrite_simple,books_or_jp,108,87,21
359959,9784417017868,overwrite_simple,books_or_jp,142,80,62
360125,9784417018209,overwrite_simple,books_or_jp,326,79,247
360291,9784417018582,overwrite_simple,books_or_jp,365,78,287
360374,9784417018193,overwrite_simple,books_or_jp,367,76,291
360706,9784417018186,overwrite_simple,books_or_jp,134,77,57
362200,9784417018698,overwrite_simple,books_or_jp,89,85,4
362615,9784417016540,overwrite_simple,openbd,576,1,575
362947,9784417015574,create,,532,0,532
363030,9784417015581,create,,707,0,707
363279,9784417017844,overwrite_simple,books_or_jp,196,12,184
363860,9784417018131,overwrite_simple,books_or_jp,1058,30,1028
364358,9784417017745,overwrite_simple,books_or_jp,375,89,286
364939,9784417018308,overwrite_simple,books_or_jp,150,75,75
365022,9784417017738,overwrite_simple,books_or_jp,245,72,173
365271,9784417018377,overwrite_simple,books_or_jp,334,75,259
365520,9784417018346,overwrite_simple,books_or_jp,491,79,412
365603,9784417018353,overwrite_simple,books_or_jp,608,81,527
365769,9784417018407,overwrite_simple,books_or_jp,375,81,294
366267,9784865566239,overwrite_simple,books_or_jp,343,100,243
366350,9784766430134,overwrite_simple,openbd,276,12,264
367097,9784324104323,create,,68,0,68
367180,9784324104330,create,,58,0,58
367263,9784324081150,create,,62,0,62
367346,9784324089279,create,,437,0,437
367927,9784324105986,create,,431,0,431
368342,9784324107782,create,,58,0,58
368425,9784324107799,create,,71,0,71
368508,9784324107805,create,,423,0,423
368591,9784324109403,create,,62,0,62
368757,9784324086247,create,,64,0,64
368840,9784324086254,create,,56,0,56
368923,9784324109441,create,,70,0,70
369006,9784324109458,create,,71,0,71
369089,9784324109465,create,,411,0,411
369172,9784324083444,create,,68,0,68
369255,9784324110928,create,,76,0,76
369421,9784324083475,create,,82,0,82
369504,9784324110959,create,,61,0,61
369587,9784324110966,create,,71,0,71
369753,9784324112526,create,,66,0,66
369919,9784324112540,create,,61,0,61
370002,9784324112557,create,,74,0,74
370085,9784324112564,create,,74,0,74
370168,9784324112571,create,,71,0,71
370251,9784324112588,create,,421,0,421
370334,9784324113943,create,,67,0,67
370417,9784324113950,create,,61,0,61
370500,9784324113967,create,,64,0,64
370583,9784324113974,create,,82,0,82
370749,9784324113998,create,,59,0,59
370998,9784384049626,overwrite_simple,books_or_jp,112,85,27
371496,9784417015383,create,,1473,0,1473
371579,9784417017189,overwrite_simple,openbd,1972,1,1971
371662,9784326403264,overwrite_simple,books_or_jp,436,175,261
371828,9784326404322,overwrite_simple,books_or_jp,700,139,561
371911,9784326404315,overwrite_simple,books_or_jp,570,131,439
371994,9784326449705,overwrite_simple,openbd,12,10,2
372077,9784326404353,overwrite_simple,openbd,70,9,61
375148,9784827109504,create,,133,0,133
376227,9784827113747,create,,177,0,177
376393,9784827113778,create,,170,0,170
376476,9784827113761,create,,168,0,168
377804,9784827114126,overwrite_simple,books_or_jp,115,101,14
378219,9784883843329,overwrite_simple,books_or_jp,959,77,882
378717,9784417018780,overwrite_simple,books_or_jp,150,120,30
378800,9784417018797,overwrite_simple,books_or_jp,167,117,50
379215,9784000616904,overwrite_simple,books_or_jp,755,50,705
379713,9784865566574,overwrite_simple,books_or_jp,387,105,282
380294,9784865565775,overwrite_simple,books_or_jp,164,106,58
380460,9784865565720,overwrite_simple,books_or_jp,176,104,72
383697,9784417018803,overwrite_simple,books_or_jp,318,83,235
383780,9784539726235,overwrite_simple,books_or_jp,200,85,115
383863,9784539727348,overwrite_simple,books_or_jp,94,83,11
383946,9784539727614,overwrite_simple,books_or_jp,230,172,58
384029,9784539727638,overwrite_simple,books_or_jp,271,81,190
384278,9784539724729,overwrite_simple,books_or_jp,118,79,39
384361,9784539726037,overwrite_simple,books_or_jp,148,75,73
384527,9784539728437,overwrite_simple,books_or_jp,130,78,52
384610,9784539728581,overwrite_simple,openbd,30,28,2
384693,9784539725474,overwrite_simple,books_or_jp,311,105,206
384942,9784539728185,overwrite_simple,books_or_jp,197,95,102
385025,9784539726914,overwrite_simple,books_or_jp,385,95,290
385191,9784539729281,overwrite_simple,books_or_jp,171,80,91
385274,9784539729533,overwrite_simple,books_or_jp,137,79,58
385357,9784539729564,overwrite_simple,books_or_jp,86,77,9
385523,9784539729946,overwrite_simple,openbd,162,140,22
385606,9784539727195,overwrite_simple,books_or_jp,206,151,55
386270,9784539730539,overwrite_simple,books_or_jp,172,124,48
386519,9784539730638,overwrite_simple,books_or_jp,364,299,65
38666,9784641135802,overwrite_simple,openbd,930,8,922
387017,9784539729892,overwrite_simple,books_or_jp,317,78,239
387100,9784539730218,overwrite_simple,books_or_jp,126,79,47
387266,9784539729847,overwrite_simple,books_or_jp,160,87,73
387681,9784589043139,overwrite_simple,openbd,170,12,158
387930,9784589044037,create,,79,0,79
388428,9784589043115,overwrite_simple,openbd,34,29,5
388760,9784827114157,overwrite_simple,books_or_jp,385,82,303
388843,9784827114201,overwrite_simple,books_or_jp,431,99,332
389341,9784589039408,overwrite_simple,openbd,289,24,265
389673,9784862580115,overwrite_simple,openbd,138,15,123
390420,9784896287660,create,,232,0,232
390752,9784384049640,overwrite_simple,books_or_jp,154,85,69
390835,9784384049633,overwrite_simple,books_or_jp,174,83,91
39247,9784641137387,overwrite_simple,openbd,245,5,240
392827,9784788292482,create,,98,0,98
393076,9784788292734,create,,91,0,91
393159,9784788292864,create,,80,0,80
394072,9784539725320,overwrite_simple,books_or_jp,114,85,29
39413,9784641137691,overwrite_simple,openbd,65,20,45
394238,9784539729861,overwrite_simple,openbd,124,94,30
395068,9784539729632,overwrite_simple,books_or_jp,107,87,20
395400,9784539729090,overwrite_simple,books_or_jp,130,14,116
395732,9784539730195,overwrite_simple,books_or_jp,153,116,37
396147,9784539729953,overwrite_simple,openbd,126,5,121
396645,9784868210207,overwrite_simple,books_or_jp,254,10,244
397226,9784384049664,overwrite_simple,books_or_jp,1130,111,1019
397309,9784384049671,overwrite_simple,books_or_jp,122,87,35
397807,9784589043801,overwrite_simple,books_or_jp,95,86,9
397890,9784589044136,overwrite_simple,books_or_jp,185,93,92
398139,9784803707274,create,,144,0,144
398222,9784803740295,create,,68,0,68
39828,9784641215023,overwrite_simple,openbd,58,6,52
398305,9784803742954,overwrite_simple,books_or_jp,949,109,840
398388,9784803723991,create,,422,0,422
398471,9784803743548,create,,249,0,249
398554,9784803715446,overwrite_simple,books_or_jp,37,3,34
39911,9784641215047,overwrite_simple,openbd,57,29,28
399384,9784335358333,overwrite_simple,books_or_jp,186,146,40
399467,9784335358760,overwrite_simple,openbd,153,1,152
399633,9784335359095,overwrite_simple,openbd,90,15,75
400297,9784335357305,overwrite_simple,books_or_jp,327,94,233
400380,9784335358142,overwrite_simple,books_or_jp,330,145,185
400463,9784335358883,overwrite_simple,books_or_jp,157,95,62
40077,9784641215061,overwrite_simple,openbd,59,33,26
400795,9784335357138,overwrite_simple,books_or_jp,261,107,154
400878,9784335358579,overwrite_simple,books_or_jp,507,141,366
401127,9784335357848,overwrite_simple,books_or_jp,223,86,137
401459,9784335315824,overwrite_simple,books_or_jp,211,96,115
401625,9784335359194,overwrite_simple,openbd,195,10,185
401874,9784335303821,overwrite_simple,books_or_jp,191,141,50
401957,9784335303845,overwrite_simple,books_or_jp,162,156,6
402040,9784335358920,overwrite_simple,books_or_jp,158,83,75
402123,9784335357930,overwrite_simple,books_or_jp,198,92,106
402206,9784335356551,overwrite_simple,openbd,68,14,54
402289,9784335300974,overwrite_simple,books_or_jp,152,130,22
402372,9784335300981,overwrite_simple,openbd,91,1,90
40243,9784641215085,overwrite_simple,openbd,58,31,27
402704,9784384049701,overwrite_simple,books_or_jp,93,83,10
40326,9784641215092,overwrite_simple,openbd,57,31,26
403451,9784817846037,overwrite_simple,books_or_jp,492,121,371
404364,9784827114195,overwrite_simple,books_or_jp,131,62,69
404696,9784417018810,overwrite_simple,books_or_jp,433,80,353
404862,9784803701401,create,,37,0,37
404945,9784803724929,create,,105,0,105
405028,9784803724936,create,,224,0,224
405111,9784803724837,create,,230,0,230
405194,9784803724998,create,,135,0,135
405277,9784803742732,create,,429,0,429
405443,9784803742916,overwrite_simple,books_or_jp,227,4,223
405526,9784803742978,overwrite_simple,books_or_jp,448,42,406
405609,9784803742985,create,,199,0,199
405858,9784803743555,overwrite_simple,books_or_jp,342,29,313
406771,9784384049718,overwrite_simple,books_or_jp,86,77,9
406854,9784384049725,overwrite_simple,books_or_jp,99,77,22
406937,9784788292574,create,,49,0,49
407020,9784788292741,create,,82,0,82
407103,9784788292581,create,,68,0,68
407518,9784788293632,create,,85,0,85
407767,9784788293656,create,,588,0,588
410257,9784865562033,create,,188,0,188
410340,9784865563504,create,,1555,0,1555
410423,9784417017196,overwrite_simple,openbd,1661,1,1660
410506,9784863261976,overwrite_simple,books_or_jp,102,9,93
410672,9784384049749,overwrite_simple,books_or_jp,108,8,100
410755,9784827114256,overwrite_simple,books_or_jp,303,16,287
410838,9784906929993,create,,804,0,804
411419,9784535528024,overwrite_simple,books_or_jp,139,109,30
411668,9784324114209,create,,77,0,77
411751,9784324114445,overwrite_simple,books_or_jp,132,3,129
412000,9784324114926,create,,62,0,62
412166,9784324114940,create,,76,0,76
412249,9784324114957,create,,79,0,79
412332,9784324114964,create,,64,0,64
412664,9784868210382,create,,144,0,144
41405,9784877987008,overwrite_simple,books_or_jp,262,127,135
414075,9784535527973,create,,48,0,48
414905,9784535527980,overwrite_simple,books_or_jp,138,45,93
415486,9784535528819,overwrite_simple,books_or_jp,156,109,47
41571,9784877987022,overwrite_simple,books_or_jp,816,173,643
416150,9784535528550,overwrite_simple,books_or_jp,251,161,90
416482,9784535527645,overwrite_simple,books_or_jp,350,107,243
417229,9784535528437,overwrite_simple,books_or_jp,177,92,85
418059,9784535528314,overwrite_simple,books_or_jp,111,108,3
41820,9784877986261,overwrite_simple,books_or_jp,252,146,106
419636,9784535527140,overwrite_simple,books_or_jp,89,82,7
419719,9784535525795,overwrite_simple,openbd,47,40,7
419885,9784535527676,overwrite_simple,openbd,129,21,108
420134,9784535527713,overwrite_simple,books_or_jp,214,117,97
420217,9784535526716,overwrite_simple,openbd,34,28,6
42069,9784641136472,overwrite_simple,openbd,196,18,178
421047,9784535522701,overwrite_simple,openbd,63,45,18
42235,9784817840110,create,,241,0,241
422873,9784803712964,create,,136,0,136
422956,9784803712971,create,,184,0,184
423039,9784803742572,create,,238,0,238
423122,9784803744156,create,,695,0,695
424616,9784766430295,overwrite_simple,openbd,305,21,284
425114,9784384049756,overwrite_simple,books_or_jp,115,7,108
425197,9784384049763,create,,102,0,102
425363,9784384049787,overwrite_simple,books_or_jp,104,12,92
426359,9784797255829,create,,116,0,116
427438,9784417018841,overwrite_simple,books_or_jp,150,90,60
427687,9784384061857,create,,681,0,681
427853,9784417018667,overwrite_simple,books_or_jp,152,12,140
42899,9784326403554,overwrite_simple,books_or_jp,410,146,264
43065,9784326403615,overwrite_simple,books_or_jp,385,100,285
43231,9784326403080,overwrite_simple,books_or_jp,541,117,424
43563,9784326403073,overwrite_simple,openbd,153,1,152
43895,9784877986940,overwrite_simple,books_or_jp,169,124,45
44061,9784877986490,overwrite_simple,books_or_jp,185,13,172
44808,9784324106617,create,,252,0,252
451093,9784641233379,overwrite_simple,openbd,228,11,217
452089,9784641233003,overwrite_simple,openbd,253,14,239
452172,9784641133082,create,,532,0,532
452255,9784641243552,overwrite_simple,openbd,545,10,535
453583,9784417018087,overwrite_simple,openbd,129,9,120
453666,9784417018063,overwrite_simple,books_or_jp,133,6,127
453998,9784417018476,overwrite_simple,books_or_jp,421,4,417
454330,9784502537813,create,,122,0,122
454413,9784502542015,create,,93,0,93
454496,9784502547218,create,,368,0,368
456322,9784384049794,overwrite_simple,books_or_jp,103,12,91
456571,9784384049824,overwrite_simple,books_or_jp,904,4,900
457484,9784893848215,create,,64,0,64
457567,9784589043979,create,,103,0,103
457650,9784589043986,create,,90,0,90
457733,9784589044068,create,,184,0,184
457899,9784589044167,create,,82,0,82
457982,9784589044174,overwrite_simple,books_or_jp,114,16,98
458148,9784589037510,create,,44,0,44
458231,9784589044228,create,,58,0,58
458314,9784589044341,overwrite_simple,books_or_jp,237,17,220
462298,9784817848871,overwrite_simple,kajo_co_jp,465,291,174
463709,9784766430745,create,,87,0,87
463875,9784788292888,create,,90,0,90
463958,9784788293830,create,,62,0,62
464041,9784788294042,create,,71,0,71
464124,9784788294035,create,,94,0,94
464290,9784788294783,create,,90,0,90
464373,9784788294844,create,,145,0,145
464456,9784788294837,create,,240,0,240
46551,9784817843746,overwrite_simple,books_or_jp,235,107,128
468689,9784313314276,overwrite_simple,books_or_jp,101,5,96
468855,9784313511798,overwrite_simple,books_or_jp,68,6,62
468938,9784313511989,overwrite_simple,books_or_jp,69,7,62
469021,9784313512054,overwrite_simple,openbd,71,71,0
4885,9784817845184,overwrite_simple,kajo_co_jp,194,183,11
50286,9784641135697,overwrite_simple,openbd,370,7,363
50452,9784641137462,overwrite_simple,openbd,444,20,424
50618,9784641137912,overwrite_simple,openbd,273,4,269
50701,9784641138063,overwrite_simple,openbd,137,17,120
51199,9784326449644,overwrite_simple,openbd,17,9,8
51282,9784326449651,overwrite_simple,openbd,17,10,7
51365,9784326449668,overwrite_simple,openbd,16,10,6
51614,9784326403721,overwrite_simple,books_or_jp,718,142,576
51697,9784326403707,overwrite_simple,books_or_jp,151,111,40
51780,9784326403691,overwrite_simple,books_or_jp,523,136,387
53108,9784326403271,overwrite_simple,books_or_jp,429,86,343
53191,9784326403523,overwrite_simple,books_or_jp,516,138,378
53274,9784326403592,overwrite_simple,books_or_jp,276,191,85
53440,9784877987619,overwrite_simple,books_or_jp,1228,89,1139
5383,9784817843821,overwrite_simple,books_or_jp,528,113,415
54353,9784910250038,create,,43,0,43
54436,9784910250045,create,,49,0,49
54519,9784910250014,create,,48,0,48
54602,9784910250007,create,,48,0,48
54685,9784910250106,create,,45,0,45
54768,9784910250021,create,,47,0,47
54851,9784910250076,create,,73,0,73
54934,9784910250083,create,,46,0,46
55017,9784910250069,create,,35,0,35
55100,9784910250052,create,,47,0,47
5715,9784817845085,create,,713,0,713
64894,9784788287464,create,,178,0,178
65143,9784326449675,overwrite_simple,openbd,12,9,3
66388,9784788280724,create,,90,0,90
67135,9784788208438,create,,172,0,172
67633,9784788283312,create,,280,0,280
6794,9784817844637,overwrite_simple,kajo_co_jp,720,18,702
70621,9784641037151,create,,298,0,298
70704,9784641906112,overwrite_simple,openbd,285,13,272
70870,9784877987763,overwrite_simple,books_or_jp,554,4,550
70953,9784877987756,overwrite_simple,books_or_jp,265,157,108
73443,9784502211416,create,,70,0,70
77925,9784788287945,create,,114,0,114
8122,9784817842312,overwrite_simple,kajo_co_jp,264,65,199
93529,9784326403752,overwrite_simple,books_or_jp,161,123,38
93695,9784326403820,overwrite_simple,openbd,190,12,178
93944,9784641138384,overwrite_simple,books_or_jp,1134,94,1040
